{"cameraMode":{"drawMode":0,"name":"Shaded","section":"Shading Mode"},"sceneLighting":false,"audioPlay":false,"sceneViewState":{"showFog":true,"showMaterialUpdate":true,"showSkybox":true,"showFlares":true,"showImageEffects":true,"showParticleSystems":true},"in2DMode":false,"pivot":{"x":754.8970947265625,"y":412.4437255859375,"z":0.0},"rotation":{"x":0.03268447890877724,"y":0.0005968254408799112,"z":0.00001955041807377711,"w":-0.9994655847549439},"size":2009.89892578125,"orthographic":true}